nom,adresse,code_postal
SG COURTOIS,"15 AV DU DOCTEUR BOUIX, 66110 AMELIE LES BAINS PALALDA",66110
SG COURTOIS,"23 AV DE HURTH, 66700 ARGELES SUR MER",66700
SG COURTOIS,"1 RUE MADELEINE BRES, 66330 CABESTANY",66330
SG COURTOIS,"BD DES ALIZES, 66140 CANET EN ROUSSILLON",66140
SG COURTOIS,"LD LA MOSQUITA, 66400 CERET",66400
SG COURTOIS,"19 BD JACQUES ALBERT, 66200 ELNE",66200
SG COURTOIS,"140 BD NUNGESSER ET COLI, 66000 PERPIGNAN",66000
SG COURTOIS,"3 PL BARDOU JOB, 66000 PERPIGNAN",66000
SG COURTOIS,"9 RUE JULES PAMS, 66660 PORT VENDRES",66660
SG COURTOIS,"PL DE MARBRE, 66750 ST CYPRIEN",66750
SG COURTOIS,"46 AV DE RIVESALTES, 66240 ST ESTEVE",66240
SG COURTOIS,"1 RUE DE L'ALMA, 66250 ST LAURENT DE LA SALANQUE",66250
SG COURTOIS,"13 AV DE LA MEDITERRANEE, 66300 THUIR",66300
